Value,Replacement
00  ,0.0
0 ,0.0
00 ,0.0
صفر ,0.0
0000 ,0.0
00000 ,0.0
0 مستورده ,0.0
0مستورد ,0.0
يد صفر  ,0.0
يد صفر ,0.0
0استيراد  ,0.0
000000 ,0.0
اصحاب سابقون صفر ,0.0
000 ,0.0
صفر  ,0.0
صفرض ,0.0
0 مستورد كوري ,0.0
00000000 ,0.0
يد أولئ ex_owners صفر ,0.0
يد 0 ,0.0
صفرر ,0.0
، 0 ,0.0
 0 ,0.0
0 استيراد كوري  ,0.0
0000000 ,0.0
 00 ,0.0
مش منمر . (صفر) ,0.0
0 استيراد  ,0.0
٠ ,0.0
٠٠٠٠ ,0.0
٠٠٠٠٠٠٠٠٠ ,0.0
٠٠٠٠٠٠ ,0.0
٠٠٠٠٠٠٠٠٠٠ ,0.0
٠٠ ,0.0
٠٠٠٠٠٠٠٠ ,0.0
٠٠٠٠٠ ,0.0
٠٠٠٠٠٠٠ ,0.0
... ,0.0
...... ,0.0
......... ,0.0
Zero ,0.0
لا يوجد ,0.0
. ,0.0
لايوجد ,0.0
.... ,0.0
من الشركه مباشر لا يوجد اصحاب سابقون ,0.0
Ooo ,0.0
استيراد كوريا - جديد مش منمر ,0.0
  O ,0.0
.. ,0.0
لا شيء ,0.0
O ,0.0
غير منمر استيراد الماني ,0.0
غير منمرة ,0.0
غير منمره ,0.0
مش منمر ,0.0
مش منمرة  ,0.0
مش منمرة ,0.0
غير منمر  ,0.0
مستود غير منمر ,0.0
مش منمرا ,0.0
غير منمرة  ,0.0
غير منمر ,0.0
مش منمر  ,0.0
غير منمرمستوردة ,0.0
مستوردة غير منمرة ,0.0
مش منمره ,0.0
نعم ,0.0
 منمره  ,0.0
مستورد شركة  ,0.0
استيراد الماني ,0.0
 استيراد الماني ,0.0
مستورد ,0.0
استيراد مباشر من كوريا  ,0.0
استيراد كوري ,0.0
مستوردة ,0.0
استيراد ,0.0
استيراد كوريا ,0.0
استيراد مباشر من اوروبا  ,0.0
وارد المانيا ,0.0
استراد  ,0.0
استيراد المانيا ,0.0
استيراد كوريا  ,0.0
مستورده  ,0.0
مستوردة  ,0.0
أستيراد ألماني  ,0.0
مستوردة غير مرخصة ,0.0
استراد شخصي ,0.0
مستورد  ,0.0
مستورده ,0.0
استيراد مباشر ,0.0
1 ,1.0
يد اولى ,1.0
1,1.0
يد. اولى,1.0
واحد ,1.0
اولا ,1.0
١ ,1.0
أولى ,1.0
يد أولى ,1.0
اولى  ,1.0
يد أولى  ,1.0
يد اولى  ,1.0
يد أولى استيراد ,1.0
يد اولي 1 ,1.0
اولى ,1.0
يد 1 ,1.0
يداولى ,1.0
يد أولى وكالة ,1.0
يدو اولى ,1.0
يد اولى شركة ,1.0
يد. اولى ,1.0
ياولى ,1.0
يد اولى وكالة ,1.0
يد اولى  اصل شركة ,1.0
يد اولى اصحاب سابقون 0 ,1.0
أولى  ,1.0
وارد كوريا يد اولى ,1.0
يد اولى صفر كيلو  ,1.0
مستورده يد اولى ,1.0
ايد اولى ,1.0
1  ,1.0
يد أولى بعد الاستيراد ,1.0
يد أولى 1 ,1.0
ايد اولى  ,1.0
 1 ,1.0
يد اولى فقط ,1.0
يد أولى،... ,1.0
اولى ,1.0
فقط يد اولى ,1.0
يد اولى، استيراد شخصي ,1.0
يدو اولى  ,1.0
يد اولى ( شركة ) ,1.0
يدأولى ,1.0
يداولى سحب شركه ,1.0
يد اولى استيراد شخصي ,1.0
ايد أولى  ,1.0
01 ,1.0
يد اولى الماني  ,1.0
يد اولىً ,1.0
يد اولى / استيراد ,1.0
1 أولى  ,1.0
مستوردة يد اولى ,1.0
بد اولى مستورد ,1.0
يد اولى من الشركة المتحدة ,1.0
يد اولا ,1.0
يداولا ,1.0
يد اولا  ,1.0
يد ١ ,1.0
يد  ١ ,1.0
يد واحد  ,1.0
11111 ,1.0
يد واله ,1.0
يد اولئ ,1.0
يد اولي,1.0
ايد اوله ,1.0
يد اولة  ,1.0
اوله  ,1.0
يد اول,1.0
يدى اوله  ,1.0
يد اولي  ,1.0
اول ,1.0
يد ولا ,1.0
يد اول  ,1.0
يد اولي ,1.0
اوله ,1.0
يد ولى ,1.0
يد أولي ,1.0
يد اول ,1.0
يد أولئ  ,1.0
يد ا ,1.0
يد اوله ,1.0
يد واحدة  ,1.0
يد ,1.0
يد اولة ,1.0
4 نفس الشخص ,1.0
يد اةلي ,1.0
أولئ,1.0
يد أولئ أصحاب سابقون صفر ,1.0
2 ,2.0
يد ثانية ,2.0
يد ثانيه ,2.0
ثانية ,2.0
٢ ,2.0
يد ثانيه  ,2.0
ثانيه ,2.0
يد تانيه ,2.0
 يد ثانيه ,2.0
يد ثانية  ,2.0
2  ,2.0
يد 2 ,2.0
يدثانيه  ,2.0
ايد ثانيه ,2.0
يد ٢ ,2.0
 يد ثانية ,2.0
يدثانيه ,2.0
يد تانية ,2.0
ايد 2 ,2.0
 2 ,2.0
أيد تانية ,2.0
يدثانية ,2.0
تانيه ,2.0
2يد  ,2.0
يدتانيه ,2.0
ثانية  ,2.0
ايد ثانية  ,2.0
2يد ,2.0
يد٢ ,2.0
يد2 ,2.0
ايدثانيه ,2.0
يد  ثانية ,2.0
يد تانيه  ,2.0
تانية ,2.0
الثانية ,2.0
يد تانية  ,2.0
@ ,2.0
اثنان ,2.0
يد تاني ,2.0
يد ثني ,2.0
يد ثاتيه ,2.0
يد ثاني ,2.0
ثانبه ,2.0
يد ثاني.  ,2.0
تانبه ,2.0
يد ثانيا ,2.0
تاني  ,2.0
ثاني ,2.0
يديانيه ,2.0
يد ثاني  ,2.0
3 ,3.0
ثالثة ,3.0
يد ثالثة ,3.0
يد ثالثة  ,3.0
يد ثالثه ,3.0
٣ ,3.0
يد تالته ,3.0
يد ثالثة ( فتيات) ,3.0
يد 3 ,3.0
ثالثه ,3.0
03 ,3.0
ثالثة  ,3.0
13 ,3.0
يد ثالثه  ,3.0
يد3 ,3.0
يدثالثة ,3.0
عدد٣ ,3.0
تالته ,3.0
يد ٣ ,3.0
يدثالثه ,3.0
يد٣ ,3.0
يد التالته ,3.0
 ايد ثالثه ,3.0
تالثه ,3.0
3  ,3.0
",3 ",3.0
ايد ثالثة  ,3.0
ايد 3 ,3.0
يد ثالث ,3.0
ثالث ,3.0
ثالثى ,3.0
يد ثالثي ,3.0
4 ,4.0
رابعه ,4.0
٤ ,4.0
يد رابعة  ,4.0
اربعة ,4.0
يد رابعه ,4.0
يد 4 ,4.0
يد رابعة ,4.0
4  ,4.0
رابعة ,4.0
يد4 ,4.0
يد ٤ بس نخب السيارة ,4.0
يد ٤ ,4.0
يد٤ ,4.0
يد رابعه  ,4.0
ايد رابعه ,4.0
14 ,4.0
04 ,4.0
يد اربعه ,4.0
رابعه  ,4.0
٤٤٤٤٤ ,4.0
5 ,5.0
يد خامسة ,5.0
٥ ,5.0
يد 5 ,5.0
يد خامسه ,5.0
يد خامسة  ,5.0
 5 ,5.0
يدخامسه ,5.0
خامسة ,5.0
يد٥ ,5.0
خامسه ,5.0
يد ٥ ,5.0
  5 ,5.0
يد خامساً  ,5.0
يد خمسة ,5.0
خمسه ,5.0
خمسة ,5.0
خمس ,5.0
يد سادسة ,6.0
6 ,6.0
٦ ,6.0
يد6 ,6.0
  6 ,6.0
يد 6 ,6.0
7 ,7.0
٧ ,7.0
يد سابعة ,7.0
يد سابعه ,7.0
يد ٧  ,7.0
سابعه ,7.0
٨ ,8.0
8 ,8.0
١٨ ,8.0
يد ثامنه ,8.0
يد 8 ,8.0
ثمانيه ,8.0
9 ,9.0
٩ ,9.0
٠٠٠٠٩ ,9.0
يد ٩  ,9.0
يد تاسعة ,9.0
10 ,10.0
١٠ ,10.0
يد عاشره ,10.0
يد عاشرة ,10.0
11 ,11.0
١١ ,11.0
12 ,12.0
١٢ ,12.0
١٥ ,14.0
15 ,14.0
16 ,16.0
17 ,17.0
يد ١٧ ,17.0
١٧ ,17.0
١٧,17.0
١٧ ,17.0
١٧ ,17.0
يد ١٧ ,17.0
17 ,17.0
يد ١٧ ,17.0
١٧ ,17.0
يد ١٧ ,17.0
١٧ ,17.0
18 ,18.0
19 ,19.0
- ,
******** ,
ا ,
********** ,
****** ,
--- ,
؟ ,
? ,
E ,
، ,
للبيع  ,
اصل تدريب سواقه  ,
انا ,
سحب شركة ,
شطب ,
اصل شركة ,
مشطوب ,
خصوصي  ,
159000 ,
56 ,
170000 ,
78888877766 ,
0778244 ,
1000 ,
123423 ,
12345 ,
اشخاص ,
